CTR,SUMLEV,COUNTY,TRACT,BG,POP_TOTAL,HU_TOTAL,pop.0to5.yrs,pop.6to11.yrs,pop.12to17.yrs,pop.18to24.yrs,pop.25to44.yrs,pop.45to54.yrs,pop.55to64.yrs,pop.65plus,pop.65to74.yrs,pop.75plus,Composite.MOS,BG.prob,Wrkld.18to24.yrs,Wrkld.25to44.yrs,Wrkld.45to54.yrs,Wrkld.55to64.yrs,Wrkld.65plus,Total.wrkld
1,150,3,701101,1,2462,877,146,248,324,120,715,504,294,190,155,35,4.971302779,0.124282569,4.895262992,7.149271943,11.31857327,10.36692639,6.269965405,40
2,150,3,701101,2,1263,522,71,62,55,85,296,257,161,171,83,88,2.922982592,0.073074565,5.897360741,5.033748025,9.816083849,9.655450603,9.597356782,40
3,150,3,701102,1,1779,787,78,61,125,180,557,308,224,167,95,72,4.131005133,0.103275128,8.836530239,6.702324496,8.323890278,9.505285873,6.631969114,40
4,150,3,701102,2,950,369,38,69,48,76,300,166,110,184,77,107,2.45815002,0.06145375,6.270038472,6.0665092,7.539300764,7.844354286,12.27979728,40
5,150,3,701102,3,1843,662,142,208,260,60,717,224,113,119,94,25,2.803681001,0.070092025,4.339979211,12.71207794,8.919711027,7.06517208,6.963059739,40
6,150,3,701102,4,1760,755,143,117,135,128,600,239,184,179,124,55,3.602138138,0.090053453,7.206337594,8.279743384,7.407452963,8.954273566,8.152192493,40
7,150,3,701200,1,1470,609,96,251,126,61,445,230,142,226,120,106,3.053412437,0.076335311,4.05143954,7.244368454,8.409568855,8.152217786,12.14240536,40
8,150,3,701200,2,1847,747,184,95,152,105,549,305,164,176,142,34,3.506410082,0.087660252,6.072836521,7.782795661,9.711101603,8.198870764,8.234395452,40
9,150,3,701200,3,1827,733,102,108,122,110,741,230,189,250,103,147,3.974084169,0.099352104,5.613330608,9.268450545,6.461333238,8.336766587,10.32011902,40
10,150,3,701200,4,1683,694,153,102,151,118,507,334,180,100,77,23,3.359487,0.083987175,7.123181985,7.50172232,11.0995371,9.392310456,4.883248143,40
11,150,3,701300,1,1824,630,133,172,158,95,493,319,307,199,88,111,4.146208751,0.103655219,4.646623011,5.910466299,8.589559337,12.97956419,7.873787159,40
12,150,3,701300,2,1601,547,98,102,174,94,409,303,162,188,147,41,3.311531241,0.082788281,5.756572711,6.139322414,10.21515914,8.575492218,9.313453513,40
13,150,3,701300,3,1087,369,58,66,106,106,283,170,175,78,48,30,2.450405953,0.061260149,8.772690825,5.740826036,7.745371399,12.51909425,5.222017492,40
14,150,3,701300,4,2483,885,163,250,311,121,688,529,243,223,148,75,4.924436833,0.123110921,4.983033384,6.944769841,11.99307269,8.650129349,7.428994733,40
15,150,3,701400,1,524,219,28,51,37,17,114,99,58,130,72,58,1.29152246,0.032288062,2.669389548,4.387618693,8.557848549,7.872250941,16.51289227,40
16,150,3,701400,2,272,113,13,10,16,10,81,13,43,77,43,34,0.691886104,0.017297153,2.93109834,5.819375762,2.097684211,10.89448604,18.25735565,40
17,150,3,701400,3,32,16,0,0,11,0,16,0,0,7,0,7,0.048592301,0.001214808,0,16.36735507,0,0,23.63264493,40
18,150,3,701400,4,1862,647,137,163,189,105,525,359,175,196,98,98,3.757535849,0.093938396,5.666973266,6.945158488,10.66651825,8.164090592,8.5572594,40
19,150,3,702100,1,2525,976,99,244,169,136,730,497,344,245,164,81,5.496217265,0.137405432,5.018108114,6.602143477,10.09540768,10.97153644,7.312804291,40
20,150,3,702100,2,736,328,80,13,27,45,231,140,63,96,83,13,1.575779106,0.039394478,5.791381487,7.286897023,9.918912588,7.008387573,9.994421329,40
21,150,3,702100,3,1284,505,59,146,97,72,313,281,238,122,97,25,3.081666392,0.07704166,4.738183453,5.048759756,10.18010044,13.53830313,6.49465322,40
22,150,3,702100,4,909,353,61,90,54,71,294,201,77,59,19,40,1.865749325,0.046643733,7.717382983,7.832853923,12.02746576,7.234530155,5.187767176,40
23,150,3,702100,5,668,342,25,77,39,50,215,205,57,19,12,7,1.420570846,0.035514271,7.137927035,7.523181722,16.11099372,7.03371646,2.194181059,40
24,150,3,702201,1,1902,1080,66,118,67,133,838,268,121,232,85,147,3.945468759,0.098636719,6.836251466,10.55775062,7.583462615,5.376004958,9.646530336,40
25,150,3,702201,2,1188,446,90,77,104,62,192,236,267,195,121,74,3.181486724,0.079537168,3.952087685,2.999833173,8.281580977,14.7114014,10.05509677,40
26,150,3,702201,3,1961,795,192,162,119,102,654,380,236,127,90,37,3.945583799,0.098639595,5.242686607,8.239340799,10.75235736,10.48512544,5.280489796,40
27,150,3,702201,4,2111,796,159,225,123,226,625,320,247,160,104,56,4.554306271,0.113857657,10.06354988,6.821561115,7.84438879,9.507090312,5.7634099,40
28,150,3,702201,5,1992,656,154,206,219,69,484,447,255,131,67,64,3.85368903,0.096342226,3.631093412,6.243019406,12.94977496,11.59942371,5.576688511,40
29,150,3,702202,1,4374,1736,420,459,310,350,1881,457,276,111,69,42,7.052315332,0.176307883,10.06471123,13.25815411,7.23462196,6.860412956,2.582099743,40
30,150,3,702202,2,3601,1373,361,359,379,195,1550,436,200,81,62,19,5.340422553,0.133510564,7.404981666,14.42720048,9.114696938,6.564887279,2.488233633,40
31,150,3,702202,3,2937,949,236,276,398,195,1150,379,134,211,64,147,4.928181956,0.123204549,8.024405641,11.59944196,8.585860753,4.766405239,7.023886409,40
32,150,3,702202,4,4546,1555,542,588,362,137,1847,617,231,155,111,44,6.359981657,0.158999541,4.36847346,14.43567255,10.83080323,6.366914472,3.998136282,40
33,150,3,702203,1,1430,481,94,165,96,51,407,279,177,122,76,46,2.819101738,0.070477543,3.668803268,7.176449778,11.04904695,11.00614972,7.099550289,40
34,150,3,702203,2,994,346,67,54,97,36,283,268,99,94,78,16,2.101591382,0.052539785,3.473915251,6.693667671,14.23698017,8.257713572,7.337723338,40
35,150,3,702300,1,690,243,45,119,71,16,203,103,89,38,31,7,1.166751895,0.029168797,2.781035067,8.648554228,9.855758986,13.37163123,5.343020494,40
36,150,3,702300,2,113,49,0,14,0,0,25,22,31,13,13,0,0.281642717,0.007041068,0,4.412324788,8.720783807,19.29461279,7.572278617,40
37,150,3,702300,3,1237,431,71,153,104,79,299,323,164,82,42,40,2.728633124,0.068215828,5.871471293,5.446932977,13.21565645,10.53589904,4.930040238,40
38,150,3,702300,4,1721,566,159,183,125,82,372,283,333,186,117,69,3.89007964,0.097251991,4.274844851,4.753466498,8.121931232,15.00578225,7.843975168,40
39,150,3,702300,5,1504,576,94,103,96,86,471,324,138,139,94,45,3.100489798,0.077512245,5.625137491,7.551210734,11.66664729,7.802282643,7.354721838,40
40,150,3,702401,1,1578,582,121,116,85,115,477,323,270,164,118,46,3.933194463,0.098329862,5.929491062,6.028356814,9.168292668,12.0334801,6.840379353,40
41,150,3,702401,2,3155,1884,8,40,145,74,145,200,347,2103,964,1139,11.25931803,0.281482951,1.332860295,0.64015023,1.983121278,5.402444171,30.64142403,40
42,150,3,702402,1,1352,563,119,48,112,116,410,273,221,73,40,33,3.12749334,0.078187333,7.521883334,6.516485799,9.745353978,12.38707535,3.829201541,40
43,150,3,702402,2,1916,954,41,62,92,63,434,370,349,436,227,209,5.209065177,0.130226629,2.452707479,4.141483429,7.930002013,11.74460824,13.73119884,40
44,150,3,702402,3,1522,818,66,112,69,36,344,262,218,442,118,324,4.10940941,0.102735235,1.776593575,4.161069997,7.117922338,9.299294072,17.64512002,40
45,150,3,702500,1,1259,426,33,132,147,150,407,225,132,174,125,49,3.186369628,0.079659241,9.546850082,6.349276576,7.883475628,7.261906896,8.958490819,40
46,150,3,702500,2,3992,1388,492,379,428,318,1212,498,222,259,161,98,6.543487382,0.163587185,9.855594991,9.207025384,8.496722576,5.947255605,6.493401443,40
47,150,3,702601,1,3167,1211,334,327,362,197,1121,489,268,202,128,74,5.759632856,0.143990821,6.936436633,9.674684298,9.478626788,8.156670011,5.75358227,40
48,150,3,702601,2,1402,541,64,132,69,40,397,255,165,173,101,72,2.840496848,0.071012421,2.855818989,6.947398091,10.02252697,10.18269022,9.991565731,40
49,150,3,702601,3,1140,454,58,87,59,43,280,202,142,183,101,82,2.50260163,0.062565041,3.484510118,5.561504568,9.011373932,9.946482444,11.99612894,40
50,150,3,702602,1,813,309,29,48,50,40,225,159,86,137,110,27,1.864952288,0.046623807,4.349679555,5.997092983,9.518330132,8.083577842,12.05131949,40
51,150,3,702602,2,2874,1145,263,291,173,115,825,542,300,331,192,139,5.793288734,0.144832218,4.025665297,7.078720497,10.44492865,9.077556901,9.373128656,40
52,150,3,702602,3,2067,957,166,174,160,73,620,386,268,245,118,127,4.397240216,0.109931005,3.366725174,7.00870028,9.800279875,10.68384311,9.140451561,40
53,150,3,702700,1,1618,758,89,101,126,30,418,348,311,207,130,77,3.85473976,0.096368494,1.578305932,5.390228902,10.07895591,14.14289199,8.809617258,40
54,150,3,702700,2,1280,548,122,95,92,50,368,273,116,168,91,77,2.670153011,0.066753825,3.797509359,6.850742749,11.41452551,7.615435417,10.32178696,40
55,150,3,702700,3,3103,1746,175,157,87,191,1380,415,353,330,178,152,6.742004097,0.168550102,5.745255572,10.17457001,6.872115493,9.178222727,8.0298362,40
56,150,3,702700,4,1967,522,34,35,110,300,837,253,171,197,61,136,4.824619065,0.120615477,12.61023626,8.623596336,5.854487155,6.213066198,6.698614048,40
57,150,3,702800,1,430,17,0,0,46,24,247,75,45,15,4,11,0.89668436,0.022417109,5.427960075,13.69251889,9.337982028,8.797227401,2.74431161,40
58,150,3,706101,1,1536,774,37,47,51,463,431,172,146,130,41,89,4.536063118,0.113401578,20.69983575,4.723067705,4.23331634,5.642176477,4.701603725,40
59,150,3,706101,2,769,349,101,80,77,65,189,103,10,111,41,70,1.350967164,0.033774179,9.757387679,6.954133133,8.511846758,1.297561962,13.47907047,40
60,150,3,706101,3,1320,685,39,61,99,91,516,215,189,181,120,61,3.273291556,0.081832289,5.637956226,7.835938188,7.333058249,10.12161965,9.071427692,40
61,150,3,706300,1,1181,678,43,92,62,27,440,191,206,163,75,88,2.788060362,0.069701509,1.963932647,7.844702792,7.648258537,12.95203315,9.591072872,40
62,150,3,706300,2,2285,1443,79,50,78,79,758,388,278,502,206,296,5.702593386,0.142564835,2.809439491,6.607281188,7.596100195,8.545653688,14.44152544,40
63,150,3,706300,3,2379,1186,274,153,189,233,745,293,154,355,197,158,5.055750808,0.12639377,9.346204051,7.324814029,6.470134747,5.339590602,11.51925657,40
64,150,3,706300,4,1983,1213,21,54,39,125,706,428,264,293,148,145,5.064308532,0.126607713,5.005585158,6.929637791,9.43528402,9.138116064,9.491376968,40
65,150,3,706401,1,2375,909,145,205,170,151,995,280,181,300,137,163,4.807157881,0.120178947,6.370207204,10.28870428,6.502809184,6.600291069,10.23798826,40
66,150,3,706401,2,2036,875,128,173,80,107,663,390,267,185,160,25,4.383758865,0.109593972,4.949964884,7.517836239,9.932288249,10.6767114,6.923199232,40
67,150,3,706401,3,1325,494,57,57,22,293,376,190,117,117,72,45,3.475653071,0.086891327,17.09606647,5.377462802,6.103072737,5.900955518,5.522442468,40
68,150,3,706402,1,1063,624,37,42,7,121,290,206,195,164,106,58,3.075993165,0.076899829,7.97746673,4.686392095,7.476756195,11.11276535,8.746619627,40
69,150,3,706402,2,2187,961,192,146,147,235,791,237,169,279,169,110,4.720791919,0.118019798,10.09527146,8.328899377,5.60486108,6.275448149,9.695519932,40
70,150,3,706500,1,758,305,106,22,71,103,92,118,59,170,54,116,1.921665019,0.048041625,10.8698747,2.379776288,6.855445583,5.382043782,14.51285965,40
71,150,3,706500,2,673,290,29,40,13,72,203,115,98,134,90,44,1.917329543,0.047933239,7.615540459,5.262901765,6.696262055,8.959880361,11.46541536,40
72,150,3,706500,3,1483,749,101,103,59,170,695,171,88,123,66,57,3.092955881,0.077323897,11.14654295,11.16958582,6.172395561,4.987487798,6.523987868,40
73,150,3,706500,4,1423,603,59,106,94,105,440,228,176,167,94,73,3.171720355,0.079293009,6.713660985,6.895786028,8.025485652,9.727263434,8.6378039,40
74,150,3,706600,1,756,338,40,34,19,58,106,204,126,120,58,62,2.03950303,0.050987576,5.76724812,2.583494257,11.16701701,10.82976641,9.652474203,40
75,150,3,706600,2,1796,795,101,131,126,86,498,236,197,322,164,158,3.897528578,0.097438214,4.474805266,6.351349689,6.760114622,8.860328362,13.55340206,40
76,150,3,706600,3,634,393,22,24,32,19,181,69,123,171,94,77,1.754200984,0.043855025,2.196540666,5.128911609,4.391380868,12.29132381,15.99184304,40
77,150,3,706600,4,914,395,84,65,40,32,384,124,45,113,42,71,1.646184111,0.041154603,3.942181088,11.59521508,8.409586548,4.791891845,11.26112544,40
78,150,3,706600,5,1051,314,121,240,227,164,270,96,45,23,14,9,1.726484588,0.043162115,19.26398537,7.773686968,6.2078311,4.569016298,2.185480263,40
79,150,3,706700,1,649,197,96,63,26,8,305,23,14,13,13,0,0.598448322,0.014961208,2.710992591,25.33373221,4.290743441,4.100853749,3.563678008,40
80,150,3,706700,2,134,40,7,51,46,0,73,21,0,5,0,5,0.169836105,0.004245903,0,21.36578374,13.80449863,0,4.829717635,40
81,150,3,706700,3,3481,26,0,0,13,3433,26,6,20,0,0,0,17.54189645,0.438547411,39.68827817,0.07367545,0.038186167,0.199860216,0,40
82,150,3,707001,1,3361,1386,394,258,271,241,1281,501,318,218,85,133,6.499777376,0.162494434,7.519406408,9.796628465,8.605391019,8.576331062,5.502243045,40
83,150,3,707001,2,592,317,16,27,53,37,123,118,51,83,56,27,1.233698407,0.03084246,6.082158275,4.955895011,10.67835533,7.246596356,11.03699503,40
84,150,3,707001,3,1749,661,143,165,173,76,473,284,188,175,83,92,3.307399904,0.082684998,4.66006399,7.108867527,9.586564433,9.964236776,8.680267273,40
85,150,3,707002,1,1080,464,87,106,60,24,349,113,128,73,62,11,1.731115963,0.043277899,2.811577622,10.02132751,7.287585237,12.96154308,6.917966545,40
86,150,3,707002,2,2156,807,81,241,264,148,753,378,157,168,112,56,4.118190357,0.102954759,7.28820023,9.088967466,10.24747217,6.68291803,6.692442105,40
87,150,3,707002,3,1526,657,136,106,143,102,480,282,139,200,116,84,3.330130266,0.083253257,6.21160666,7.164831893,9.454079523,7.316889176,9.852592748,40
88,150,3,708000,1,1691,714,100,155,118,133,528,223,214,211,144,67,3.756070381,0.09390176,7.180966769,6.987570314,6.628305342,9.987411662,9.215745912,40
89,150,3,708000,2,2537,1038,165,246,155,178,609,430,244,442,256,186,5.741502878,0.143537572,6.287230939,5.272513444,8.361308234,7.449671775,12.62927561,40
90,150,3,708000,3,1297,425,77,99,152,94,359,284,109,74,42,32,2.496549751,0.062413744,7.635766267,7.147928729,12.70016841,7.653483884,4.862652707,40
91,150,3,708000,4,1114,404,48,95,148,67,344,157,107,135,89,46,2.227968392,0.05569921,6.098608783,7.674947393,7.867232629,8.418750746,9.940460449,40
92,150,3,708000,5,2207,1047,133,200,184,106,655,387,301,289,150,139,4.935911415,0.123397785,4.355153894,6.596292922,8.753363691,10.6898605,9.60532899,40
93,150,3,730100,1,442,173,0,65,49,22,144,80,35,67,47,20,0.94194541,0.023548635,4.736548015,7.599110294,9.481905394,6.513511876,11.66892442,40
94,150,3,730100,2,100,42,18,9,7,0,47,0,0,0,0,0,0.05840686,0.001460171,0,40,0,0,0,40
95,150,3,730100,3,2165,869,256,144,101,141,870,197,191,247,127,120,4.195916755,0.104897919,6.814864838,10.3066702,5.241682699,7.979568422,9.657213845,40
96,150,3,730100,4,1476,606,126,86,39,134,608,253,84,116,68,48,2.984951625,0.074623791,9.10400523,10.12493566,9.462689481,4.93304285,6.375326781,40
97,150,3,730100,5,1935,736,170,212,193,122,661,245,208,129,81,48,3.564382146,0.089109554,6.941296064,9.21813767,7.673847949,10.22944271,5.937275605,40
98,150,3,730203,1,1649,583,106,221,121,84,483,219,210,224,175,49,3.476343604,0.08690859,4.900287802,6.906379278,7.033197029,10.58935476,10.57078113,40
99,150,3,730203,2,2142,1398,191,94,162,421,702,150,120,294,103,191,5.157163323,0.128929083,16.55526771,6.766315073,3.247220191,4.078901895,9.352295133,40
100,150,3,730203,3,1127,546,86,68,27,169,398,125,115,87,46,41,2.561093025,0.064027326,13.38216403,7.724737117,5.448990173,7.871280446,5.572828238,40
101,150,3,730204,1,2169,683,137,244,169,192,674,298,235,242,128,114,4.665133939,0.116628348,8.346456015,7.181609215,7.131543112,8.83032411,8.510067548,40
102,150,3,730204,2,2178,694,304,302,200,138,829,223,58,93,70,23,2.98786319,0.07469658,9.366630236,13.79176386,8.332503797,3.402829467,5.106272637,40
103,150,3,730204,3,1139,424,80,83,90,69,313,165,133,184,175,9,2.536819683,0.063420492,5.516002947,6.133109644,7.261489446,9.190411163,11.8989868,40
104,150,3,730300,1,1328,508,132,48,107,79,476,90,151,221,145,76,2.81138028,0.070284507,5.698656696,8.416147699,3.573997795,9.415215227,12.89598258,40
105,150,3,730300,2,1282,455,137,134,81,121,386,184,93,134,74,60,2.563843868,0.064096097,9.571032559,7.483792208,8.012307599,6.358640525,8.574227109,40
106,150,3,730300,3,483,202,12,38,31,35,123,109,53,81,49,32,1.199001022,0.029975026,5.919887974,5.099311566,10.14935187,7.748706571,11.08274202,40
107,150,3,730401,1,446,230,34,35,40,36,194,55,23,52,12,40,0.89117459,0.022279365,8.19227841,10.8209384,6.890190975,4.524159838,9.572432376,40
108,150,3,730401,2,1947,732,173,172,156,159,685,330,105,137,55,82,3.600459241,0.090011481,8.955796629,9.457114836,10.23263318,5.112158369,6.242296982,40
109,150,3,730401,3,1744,657,63,184,175,101,574,160,188,270,183,87,3.603192167,0.090079804,5.684587379,7.918637417,4.957513699,9.146255384,12.29300612,40
110,150,3,730402,1,2015,921,200,154,194,261,782,238,178,165,101,64,4.416111039,0.110402776,11.98575842,8.802230931,6.01683826,7.065662951,6.129509435,40
111,150,3,730402,2,2250,877,105,155,147,182,677,276,239,335,219,116,4.955709487,0.123892737,7.447843566,6.79061048,6.217769351,8.454052895,11.08972371,40
112,150,3,730402,3,1578,681,146,97,85,171,482,195,123,244,166,78,3.549958586,0.088748965,9.768723592,6.749160276,6.132572481,6.0737194,11.27582425,40
113,150,3,730502,1,1705,585,78,204,191,137,428,302,250,205,143,62,4.005734098,0.100143352,6.935909972,5.311138683,8.416977974,10.94033928,8.395634089,40
114,150,3,730502,2,1885,831,64,107,201,244,647,271,149,173,49,124,4.159983243,0.103999581,11.89496703,7.731053691,7.272924423,6.278668969,6.822385888,40
115,150,3,730502,3,2019,681,178,192,143,121,802,254,124,93,62,31,3.243883192,0.08109708,7.564585925,12.28952651,8.741780031,6.700841986,4.703265545,40
116,150,3,730503,1,2569,1365,185,142,92,479,1170,252,186,81,59,22,5.733155719,0.143328893,16.94364225,10.14420726,4.907249822,5.687116247,2.317784421,40
117,150,3,730503,2,2955,1391,282,173,334,389,1199,284,74,190,78,112,5.358423596,0.13396059,14.72236417,11.12264639,5.91715114,2.420848303,5.816989994,40
118,150,3,730503,3,1041,520,51,46,58,193,451,93,91,44,26,18,2.37778707,0.059444677,16.46073963,9.428217023,4.366579308,6.708745707,3.035718336,40
119,150,3,730503,4,1378,597,110,161,68,164,561,92,84,94,67,27,2.539052146,0.063476304,13.09897234,10.9829051,4.045270542,5.799366624,6.073485397,40
120,150,3,730504,1,2554,893,214,215,271,190,988,402,132,74,65,9,4.195066358,0.104876659,9.185012749,11.70695906,10.69839388,5.515793458,2.893840852,40
121,150,3,730504,2,2429,1030,158,206,241,254,921,332,175,152,110,42,4.749253275,0.118731332,10.84609448,9.639628329,7.80448262,6.459302399,5.250492174,40
122,150,3,730504,3,2063,751,134,227,249,127,681,296,177,159,113,46,3.744115123,0.093602878,6.878908371,9.04115486,8.826202397,8.286992993,6.96674138,40
123,150,3,730504,4,645,219,40,53,92,52,215,106,105,20,10,10,1.368851372,0.034221284,7.703924991,7.807430995,8.645317249,13.44639617,2.396930594,40
124,150,3,730601,1,2086,610,237,269,306,68,545,469,141,56,24,32,3.178635054,0.079465876,4.338436465,8.52279071,16.47265259,7.775912113,2.890208121,40
125,150,3,730601,2,1467,508,55,88,145,45,246,277,338,264,161,103,3.870977992,0.09677445,2.357527726,3.158932855,7.988963406,15.30625334,11.18832267,40
126,150,3,730601,3,1248,393,133,126,92,85,362,231,105,144,100,44,2.576282744,0.064407069,6.690990273,6.984591899,10.01036286,7.1444479,9.169607068,40
127,150,3,730601,4,1745,566,114,204,214,105,388,365,195,105,64,41,3.318462194,0.082961555,6.416784027,5.811936241,12.27968864,10.30079244,5.190798652,40
128,150,3,730603,1,1258,444,56,68,86,60,315,146,145,222,170,52,2.649083373,0.066227084,4.593255683,5.910727218,6.153023786,9.595006528,13.74798679,40
129,150,3,730603,2,1645,521,127,248,245,76,506,320,149,94,73,21,2.945768218,0.073644205,5.232147967,8.538428275,12.1278208,8.866671023,5.23493194,40
130,150,3,730604,1,1964,679,137,223,196,83,538,361,249,186,107,79,3.951019089,0.098775477,4.260238981,6.76860449,10.2006874,11.04747731,7.722991817,40
131,150,3,730604,2,2373,759,222,289,178,123,729,343,233,162,131,31,4.172384116,0.104309603,5.978411787,8.684988244,9.177855203,9.789139935,6.36960483,40
132,150,3,730604,3,1875,616,101,159,228,116,459,349,218,297,106,191,4.306051691,0.107651292,5.463157835,5.298579278,9.048520051,8.874627923,11.31511491,40
133,150,3,730700,1,1536,573,112,129,130,87,428,226,169,293,161,132,3.546053647,0.088651341,4.97552541,5.999629853,7.115321081,8.354381478,13.55514218,40
134,150,3,730700,2,1737,703,150,191,129,57,476,311,201,199,83,116,3.445560227,0.086139006,3.354903305,6.867095657,10.07701508,10.22607823,9.474907727,40
135,150,3,730700,3,651,249,44,43,98,29,157,84,76,91,77,14,1.282864575,0.032071614,4.584396608,6.083378374,7.31020975,10.38498034,11.63703493,40
136,150,3,730700,4,2091,837,158,120,176,84,596,441,232,241,113,128,4.402522203,0.110063055,3.869391993,6.72931247,11.18325942,9.237603751,8.98043236,40
137,150,3,730700,5,635,245,34,90,67,45,163,95,32,135,96,39,1.389773333,0.034744333,6.566493778,5.830014303,7.631519111,4.036257856,15.93571495,40
138,150,3,730800,1,705,265,77,86,63,14,184,81,80,124,91,33,1.384867354,0.034621684,2.050146308,6.604434468,6.529925195,10.12639137,14.68910265,40
139,150,3,730800,2,1619,655,53,105,157,39,313,333,276,303,187,116,3.96836062,0.099209015,1.993051281,3.92066013,9.368379332,12.19188479,12.52602447,40
140,150,3,730901,1,854,312,55,72,106,11,224,125,66,197,104,93,1.780214018,0.04450535,1.253099239,6.254632424,7.839153375,6.498971288,18.15414367,40
141,150,3,730901,2,877,327,54,90,98,31,223,146,88,100,50,50,1.637569874,0.040939247,3.83907725,6.769101291,9.953696182,9.420104728,10.01802055,40
142,150,3,730901,3,393,173,13,0,8,0,55,103,84,119,45,74,1.212006404,0.03030016,0,2.255712597,9.487759667,12.14918851,16.10733923,40
143,150,3,730901,4,915,221,110,76,57,186,394,54,25,12,6,6,1.742130905,0.043553273,21.65195704,11.24194424,3.460543715,2.515545186,1.130009825,40
144,150,3,730902,1,2585,938,182,355,253,139,809,473,239,176,90,86,4.799471819,0.119986795,5.873356356,8.378785368,11.00269463,8.729258493,6.01590515,40
145,150,3,730902,2,697,301,63,50,43,29,112,156,98,132,84,48,1.692466839,0.042311671,3.474904129,3.289454203,10.29048384,10.15029832,12.7948595,40
146,150,3,731001,1,1636,601,139,178,175,77,532,281,178,97,80,17,3.013690238,0.075342256,5.181519195,8.774836054,10.40972061,10.35366932,5.280254817,40
147,150,3,731001,2,2811,1065,204,252,291,194,902,466,233,205,96,109,5.266996733,0.131674918,7.469708919,8.512742145,9.877663629,7.754713748,6.385171559,40
148,150,3,731001,3,1056,348,85,99,68,59,331,130,101,116,80,36,1.991675382,0.049791885,6.007564659,8.261053381,7.287124039,8.889466909,9.554791012,40
149,150,3,731001,4,1700,595,145,182,258,148,507,292,180,71,61,10,3.275423089,0.081885577,9.163456168,7.69425443,9.952835139,9.633364613,3.55608965,40
150,150,3,731001,5,819,323,35,71,33,28,391,131,44,30,16,14,1.309350174,0.032733754,4.336778274,14.84386299,11.16983738,5.89073879,3.758782559,40
151,150,3,731002,1,1630,617,108,234,151,148,574,218,170,55,43,12,3.04269952,0.076067488,9.864331233,9.377321726,7.998872838,9.794059872,2.965414331,40
152,150,3,731002,2,930,367,69,49,53,0,272,162,130,130,68,62,1.893050631,0.047326266,0,7.142210806,9.553976087,12.03799121,11.2658219,40
153,150,3,731101,1,1410,462,77,163,114,84,408,243,137,131,63,68,2.748789989,0.06871975,6.197302896,7.378100941,9.86952106,8.736790177,7.818284926,40
154,150,3,731101,2,3043,1087,248,245,323,213,825,553,390,284,209,75,6.52250278,0.163062569,6.622627498,6.287321461,9.465470874,10.48149504,7.143085124,40
155,150,3,731101,3,3686,1241,347,454,358,286,1218,562,244,183,137,46,6.352047459,0.158801186,9.130977999,9.531462511,9.877657114,6.733626002,4.726276374,40
156,150,3,731102,1,725,278,42,69,98,27,203,143,67,87,75,12,1.43871529,0.035967882,3.805869587,7.013699729,11.09666674,8.16343319,9.92033075,40
157,150,3,731102,2,2920,973,274,290,317,189,844,525,255,204,151,53,5.426555425,0.135663886,7.063217153,7.731151672,10.80106116,8.237374983,6.167195031,40
158,150,3,731102,3,4013,1887,215,255,357,286,1345,742,445,329,215,114,8.491917923,0.212297948,6.830071383,7.873040516,9.755049609,9.186014406,6.355824086,40
159,150,3,731103,1,2117,651,178,207,224,141,527,343,231,300,106,194,4.569833149,0.114245829,6.257253739,5.73239702,8.379635759,8.861036702,10.76967678,40
160,150,3,731103,2,2215,809,243,237,159,193,933,199,116,107,72,35,3.640564178,0.091014104,10.75111767,12.73910574,6.102611878,5.585501811,4.821662908,40
161,150,3,731103,3,1124,363,72,144,143,49,241,284,106,55,25,30,2.030690835,0.050767271,4.893473814,5.899282907,15.61370236,9.150292049,4.44324887,40
162,150,3,731201,1,2065,744,113,174,231,104,651,319,249,285,220,65,4.486717169,0.112167929,4.700776935,7.212374762,7.937675755,9.728447794,10.42072475,40
163,150,3,731201,2,1537,562,54,133,83,62,269,222,141,480,141,339,3.854787101,0.096369678,3.2617922,3.468788917,6.429599809,6.411971964,20.42784711,40
164,150,3,731201,3,857,288,57,117,133,47,322,103,128,14,14,0,1.544284724,0.038607118,6.1721359,10.3646463,7.446311744,14.52966139,1.487244661,40
165,150,3,731201,4,1699,636,117,145,168,98,426,410,159,103,52,51,3.289824011,0.0822456,6.041133139,6.436694887,13.91369746,8.472222591,5.136251926,40
166,150,3,731202,1,1468,550,198,107,173,101,419,259,186,153,74,79,3.198272969,0.079956824,6.40428785,6.512151349,9.040981936,10.19460295,7.847975918,40
167,150,3,731202,2,1223,490,26,126,111,70,367,229,107,201,128,73,2.74340365,0.068585091,5.174558788,6.649704433,9.319167876,6.837021801,12.0195471,40
168,150,3,731202,3,1644,570,65,174,92,73,458,217,216,195,155,40,3.291281048,0.082282026,4.498035602,6.917138937,7.360818849,11.50433928,9.719667329,40
169,150,3,731202,4,974,353,60,126,140,59,331,226,69,8,0,8,1.676440778,0.041911019,7.137215221,9.814445499,15.05052287,7.214957443,0.782858965,40
170,150,3,731202,5,1604,571,56,127,146,110,390,335,181,192,88,104,3.558024758,0.088950619,6.269728241,5.448558664,10.51156079,8.91748748,8.852664823,40
171,150,3,731202,6,598,245,7,16,37,37,101,127,176,77,42,35,1.754672007,0.0438668,4.276325688,2.861221081,8.080516816,17.5828641,7.199072314,40
172,150,3,731203,1,979,366,35,83,114,46,267,130,142,165,113,52,2.22687566,0.055671892,4.189159157,5.959931701,6.517465618,11.17803011,12.15541342,40
173,150,3,731203,2,1936,690,142,182,100,163,605,269,183,145,43,102,3.725705969,0.093142649,8.872459472,8.071844504,8.060742862,8.610243057,6.384710104,40
174,150,3,731203,3,2271,763,158,320,322,130,653,483,168,200,143,57,4.375172017,0.1093793,6.025779244,7.418977238,12.32489883,6.731115585,7.499229101,40
175,150,3,731203,4,858,283,84,125,44,10,265,129,69,52,38,14,1.255717427,0.031392936,1.615002043,10.49010759,11.4690951,9.632301511,6.793493757,40
176,150,3,731203,5,854,286,27,76,108,33,226,182,158,53,31,22,1.865924001,0.0466481,3.586616865,6.020609758,10.88952163,14.84349037,4.659761373,40
177,150,3,731204,1,1353,669,84,62,58,129,500,183,127,204,109,95,3.179373278,0.079484332,8.228358175,7.817258521,6.426003163,7.0022095,10.52617064,40
178,150,3,731204,2,1714,673,151,142,102,88,763,239,166,70,34,36,3.07597418,0.076899354,5.801829795,12.33013531,8.674542524,9.460156077,3.733336298,40
179,150,3,731204,3,1281,481,117,99,120,126,414,117,129,81,47,34,2.377385014,0.059434625,10.748207,8.656190597,5.494367519,9.511808295,5.58942659,40
180,150,3,731204,4,885,335,35,89,142,14,263,167,67,133,78,55,1.703013365,0.042575334,1.667151152,7.676507563,10.94787373,6.89651437,12.81195318,40
181,150,3,731303,1,1536,550,58,144,97,105,447,218,149,170,89,81,3.046487371,0.076162184,6.989641712,7.293468827,7.988927437,8.573532243,9.15442978,40
182,150,3,731303,2,2267,854,136,198,191,142,605,445,296,281,150,131,5.163455055,0.129086376,5.577157905,5.82426281,9.621681461,10.04903154,8.927866288,40
183,150,3,731303,3,1755,603,206,190,192,141,479,357,270,109,95,14,3.936823866,0.098420597,7.263369286,6.048052028,10.12403403,12.0223863,4.542158359,40
184,150,3,731303,4,1164,586,9,33,67,51,207,263,215,251,171,80,3.221504245,0.080537606,3.210528028,3.194019973,9.114406741,11.69910533,12.78193992,40
185,150,3,731306,1,691,273,22,70,59,71,174,110,83,93,49,44,1.628376408,0.04070941,8.842367169,5.311539758,7.541699927,8.935033597,9.369359549,40
186,150,3,731306,2,1403,526,120,135,142,80,408,169,176,147,70,77,2.758505426,0.068962636,5.88140575,7.35211532,6.839812979,11.18437511,8.74229084,40
187,150,3,731306,3,1971,745,140,236,173,67,681,346,193,203,123,80,3.830046738,0.095751168,3.547608824,8.838305889,10.08563832,8.833364152,8.695082813,40
188,150,3,731306,4,774,263,30,124,50,61,170,95,94,78,50,28,1.517526811,0.03793817,8.151892798,5.568504035,6.989057245,10.8583636,8.432182324,40
189,150,3,731306,5,996,394,36,50,65,118,327,240,85,105,63,42,2.477617839,0.061940446,9.658566747,6.560537516,10.81454588,6.013918046,6.952431813,40
190,150,3,731307,1,2399,933,266,241,193,294,1104,209,83,52,29,23,4.022851874,0.100571297,14.82102658,13.64146527,5.800208554,3.616737173,2.120562419,40
191,150,3,731307,2,1424,476,62,139,235,71,446,303,154,51,32,19,2.643964234,0.066099106,5.445876274,8.385042589,12.79435561,10.21028922,3.164436306,40
192,150,3,731307,3,2182,805,185,222,229,111,784,224,115,192,130,62,3.453669961,0.086341749,6.517891745,11.28395172,7.241000044,5.837002862,9.120153625,40
193,150,3,731308,1,2439,958,121,188,177,189,720,302,346,389,203,186,5.807591318,0.145189783,6.599799688,6.162578141,5.805535174,10.44366543,10.98842156,40
194,150,3,731308,2,1081,436,39,44,81,22,271,147,139,319,174,145,2.776068851,0.069401721,1.607153821,4.852494455,5.911782759,8.777229746,18.85133922,40
195,150,3,731309,1,2261,840,286,267,226,184,874,265,95,40,25,15,3.339008298,0.083475207,11.17545778,13.01127705,8.860530821,4.987455182,1.965279172,40
196,150,3,731309,2,2361,894,180,204,178,169,798,452,195,172,101,71,4.670057332,0.116751433,7.338874988,8.493890719,10.80556767,7.319565446,6.042101173,40
197,150,3,731309,3,912,347,78,73,140,38,291,74,71,166,95,71,1.752790826,0.043819771,4.396615662,8.252563743,4.713385845,7.100699869,15.53673488,40
198,150,3,731310,1,2095,767,131,205,123,147,657,305,175,201,152,49,4.004299195,0.10010748,7.444847609,8.155767559,8.503636445,7.660981755,8.234766633,40
199,150,3,731310,2,3323,1049,256,371,454,297,1321,430,174,118,69,49,5.594040033,0.139851001,10.76702885,11.73824683,8.581718223,5.452511339,3.460494758,40
200,150,3,731311,1,2174,721,198,250,240,167,736,315,214,132,77,55,4.119706581,0.102992665,8.220820837,8.880502055,8.536417227,9.105847805,5.256412076,40
201,150,3,731311,2,2933,1059,285,350,234,185,1245,250,120,105,68,37,4.139398399,0.10348496,9.063574284,14.95058251,6.742704799,5.081792382,4.161346028,40
202,150,3,731311,3,2309,768,225,220,205,172,885,269,192,174,37,137,4.277670863,0.106941772,8.154288613,10.28399591,7.020633135,7.868043681,6.673038664,40
203,150,3,740102,1,862,318,24,17,102,83,217,159,113,100,66,34,2.039596076,0.050989902,8.252754425,5.288610173,8.703307371,9.711966482,8.043361549,40
204,150,3,740102,2,3080,248,51,45,26,340,1857,398,206,118,88,30,6.529058007,0.16322645,10.56071658,14.13798012,6.80556067,5.530820864,2.964921768,40
205,150,3,740102,3,203,89,18,10,24,0,61,17,35,29,12,17,0.395574986,0.009889375,0,7.665261994,4.797903013,15.51001157,12.02682342,40
206,150,3,740102,4,1709,738,113,158,153,139,491,337,221,152,88,64,3.847392794,0.09618482,7.326782012,6.343675436,9.779006587,10.06928529,6.481250678,40
207,150,3,740103,1,3002,1053,150,255,310,295,981,564,321,214,138,76,6.573325461,0.164333137,9.101267469,7.41839342,9.57911381,8.560375113,5.340850187,40
208,150,3,740103,2,2557,879,210,286,237,141,1017,341,214,55,34,21,4.093853597,0.10234634,6.984765057,12.34851221,9.299368048,9.163351897,2.204002792,40
209,150,3,740103,3,1981,691,169,125,174,146,518,391,217,170,89,81,4.123447236,0.103086181,7.180545055,6.24446604,10.58638492,9.225123551,6.763480436,40
210,150,3,740104,1,2889,926,205,332,319,222,1025,536,265,78,70,8,5.376554666,0.134413867,8.37363268,9.476452489,11.12992118,8.640019194,2.379974453,40
211,150,3,740104,2,4217,1559,485,489,346,496,1714,344,92,47,47,0,6.200761567,0.155019039,16.22189709,13.74015954,6.193623125,2.600852328,1.243467917,40
212,150,3,740105,1,2539,883,374,368,260,233,827,285,147,53,10,43,3.866053428,0.096651336,12.22230359,10.63319181,8.230161802,6.665341144,2.249001662,40
213,150,3,740105,2,859,274,112,187,128,68,236,51,54,16,16,0,1.082650356,0.027066259,12.73754371,10.8355203,5.259122878,8.743361521,2.424451597,40
214,150,3,740201,1,1669,660,124,144,125,162,526,168,142,288,190,98,3.747371723,0.093684293,8.767045019,6.977260836,5.005112821,6.642544434,12.60803689,40
215,150,3,740201,2,988,350,95,54,88,63,298,77,126,119,38,81,1.944883374,0.048622084,6.56919242,7.616381514,4.420063681,11.35664056,10.03772183,40
216,150,3,740201,3,570,260,40,68,76,6,223,61,19,58,36,22,0.798938521,0.019973463,1.523010461,13.8745048,8.52408631,4.168819951,11.90957848,40
217,150,3,740201,4,1685,641,112,184,181,132,768,246,96,74,58,16,3.034440255,0.075861006,8.821863578,12.58081044,9.050819022,5.545817081,4.000689874,40
218,150,3,740201,5,1997,716,113,199,292,177,602,299,178,63,38,25,3.518470791,0.08796177,10.20197638,8.504886676,9.487430408,8.868270907,2.937435626,40
219,150,3,740202,1,1702,564,86,147,142,124,489,375,183,113,86,27,3.548436403,0.08871091,7.086791516,6.850114379,11.79846767,9.040385767,5.224240671,40
220,150,3,740202,2,1233,474,82,77,175,67,361,210,125,174,137,37,2.635855354,0.065896384,5.154876039,6.807875703,8.894654551,8.313068098,10.82952561,40
221,150,3,740203,1,1386,458,87,183,156,108,552,220,116,102,39,63,2.774254781,0.06935637,7.89482322,9.89051087,8.853351409,7.329672079,6.031642422,40
222,150,3,740203,2,572,199,11,33,65,28,150,149,71,19,19,0,1.133309734,0.028332743,5.010423201,6.579132455,14.67807202,10.98203008,2.750342249,40
223,150,3,740203,3,565,206,36,47,31,58,132,79,48,131,90,41,1.426215361,0.035655384,8.247225729,4.600603565,6.184055046,5.899687756,15.0684279,40
224,150,3,740203,4,1608,550,104,152,153,150,415,362,169,112,75,37,3.486556778,0.087163919,8.724881045,5.916669964,11.59159486,8.496946068,5.269908067,40
225,150,3,740301,1,3305,1312,316,295,246,313,1323,501,158,179,105,74,6.055872032,0.151396801,10.48172221,10.85948287,9.236180284,4.573548582,4.849066053,40
226,150,3,740301,2,7197,2570,811,754,749,505,3152,730,274,110,59,51,10.16672772,0.254168193,10.0733792,15.41100659,8.016282847,4.724352228,1.77497913,40
227,150,3,740303,1,1984,777,185,208,131,106,759,267,168,159,117,42,3.614193549,0.090354839,5.947842452,10.43893899,8.247668937,8.148370625,7.217178993,40
228,150,3,740303,2,1613,561,102,141,175,119,543,210,168,129,78,51,3.129549795,0.078238745,7.711344275,8.624699124,7.491500169,9.410231656,6.762224777,40
229,150,3,740400,1,3411,1,0,0,0,567,2024,334,350,0,0,0,7.855955435,0.196398886,14.63689796,12.8067074,4.746558313,7.809836328,0,40
230,150,3,740500,1,6167,2645,649,379,289,465,3049,797,319,145,106,39,10.36368704,0.259092176,9.099209425,14.62409921,8.58569382,5.395718606,2.295278936,40
231,150,3,740500,2,1055,373,77,60,89,145,324,111,120,118,101,17,2.45743149,0.061435787,11.96607114,6.55374563,5.042813708,8.55997953,7.877389987,40
232,150,3,740500,3,1957,818,132,194,192,204,702,198,157,140,55,85,3.721500963,0.093037524,11.11672927,9.376590862,5.939890234,7.395276491,6.171513145,40
233,150,3,740500,4,2694,1025,272,276,161,197,1079,303,227,194,139,55,4.975810514,0.124395263,8.029109673,10.77912731,6.798453949,7.997144124,6.396164946,40
234,150,3,740500,5,902,363,55,99,58,63,332,125,62,80,43,37,1.680681743,0.042017044,7.601863454,9.819256192,8.303398773,6.466646282,7.808835299,40
235,150,3,740601,1,1920,675,289,259,111,291,809,26,0,0,0,0,2.553271502,0.063831788,23.1132485,15.74988959,1.136861908,0,0,40
236,150,3,740601,2,959,338,241,244,43,101,387,42,7,0,0,0,1.140893063,0.028522327,17.95318192,16.86133727,4.109942215,1.075538595,0,40
237,150,3,740601,3,888,343,158,120,32,85,414,6,0,0,0,0,0.962170959,0.024054274,17.91561324,21.38819261,0.696194152,0,0,40
238,150,3,740602,1,0,0,0,0,0,0,0,0,0,0,0,0,0,0,NA,NA,NA,NA,NA,NA
239,150,3,740602,2,372,61,82,95,30,25,168,12,0,0,0,0,0.369015484,0.009225387,13.73916745,22.63031934,3.630513213,0,0,40
240,150,3,740602,3,1271,367,204,174,144,121,490,31,0,14,14,0,1.366329937,0.034158248,17.95952242,17.82651652,2.533013327,0,1.680947734,40
241,150,3,740602,4,2012,561,298,316,275,106,831,75,24,13,13,0,1.937924638,0.048448116,11.09261599,21.31523522,4.320716229,2.17093718,1.100495387,40
242,150,3,740603,1,35,7,0,0,0,0,0,0,0,0,0,0,0,0,NA,NA,NA,NA,NA,NA
243,150,3,740603,2,2223,409,111,207,120,959,728,164,7,17,13,4,6.324917073,0.158122927,30.74884228,5.721402923,2.894812087,0.194006421,0.44093629,40
244,150,3,740603,3,221,59,89,25,16,5,101,0,0,0,0,0,0.150862441,0.003771561,6.721309148,33.27869085,0,0,0,40
245,150,3,740700,1,2605,824,326,241,356,123,822,442,173,100,54,46,4.047046202,0.101176155,6.16356452,10.09623952,12.19313752,7.493433195,4.053625246,40
246,150,3,740700,2,5687,2612,647,440,227,427,2923,538,224,252,161,91,9.314070526,0.232851763,9.297225194,15.5996654,6.448728881,4.21581355,4.438566972,40
247,150,3,740800,1,1048,354,57,39,65,87,267,235,152,115,53,62,2.566566014,0.06416415,6.874352706,5.171122336,10.22225683,10.38159418,7.350673954,40
248,150,3,740800,2,1140,424,143,66,85,98,315,144,169,150,112,38,2.646043975,0.066151099,7.510935207,5.917516618,6.075706687,11.19599114,9.299850346,40
249,150,3,740800,3,2005,694,100,154,221,98,490,359,395,167,118,49,4.52374384,0.113093596,4.393322337,5.384235725,8.85987937,15.30636234,6.056200223,40
250,150,3,740900,1,1285,470,135,80,114,91,489,153,89,149,55,94,2.497209512,0.062430238,7.390118619,9.733742849,6.840184488,6.247523887,9.788430157,40
251,150,3,740900,2,2871,911,296,329,322,179,1076,336,211,176,151,25,4.828986501,0.120724663,7.517302678,11.07598273,7.768097198,7.659481351,5.979136041,40
252,150,3,740900,3,1228,491,99,58,79,112,385,165,130,177,94,83,2.802446197,0.070061155,8.104864092,6.82887929,6.573217847,8.131655437,10.36138333,40
253,150,3,740900,4,737,287,51,17,27,65,108,88,175,149,96,53,2.08738939,0.052184735,6.315022211,2.571853781,4.706635492,14.69628197,11.71020654,40
254,150,3,740900,5,662,243,22,97,76,9,228,54,56,141,69,72,1.303381608,0.03258454,1.400347817,8.695393669,4.625445163,7.531636265,17.74717709,40
255,150,3,741000,1,894,308,23,88,110,98,221,205,77,57,40,17,1.914883049,0.047872076,10.37884004,5.736883215,11.95206569,7.048900329,4.883310727,40
256,150,3,741000,2,844,305,24,49,77,27,197,194,116,110,91,19,1.882671868,0.047066797,2.90839995,5.20136802,11.504254,10.80080823,9.585169795,40
257,150,3,741100,1,238,48,24,8,138,10,42,16,12,0,0,0,0.200139114,0.005003478,10.13288294,10.43141703,8.925229157,10.51047087,0,40
258,150,3,750101,1,720,277,90,40,97,60,242,74,63,103,44,59,1.509996501,0.037749913,8.058242022,7.966460645,5.471257359,7.313706156,11.19033382,40
259,150,3,750101,2,1014,394,16,35,147,77,392,105,124,140,71,69,2.288189215,0.05720473,6.824389222,8.515695481,5.123051596,9.499541625,10.03732207,40
260,150,3,750101,3,888,403,61,75,72,74,253,106,79,123,79,44,1.836104669,0.045902617,8.173334671,6.849345538,6.445250412,7.542278338,10.98979104,40
261,150,3,750101,4,1343,578,89,134,112,119,447,150,108,135,55,80,2.604449501,0.065111238,9.26607941,8.531346321,6.429936485,7.269101174,8.503536611,40
262,150,3,750102,1,1076,380,87,146,168,50,327,187,46,156,77,79,2.023185713,0.050579643,5.011863708,8.034114061,10.31899072,3.985611666,12.64941984,40
263,150,3,750102,2,578,243,19,48,29,44,145,93,40,107,46,61,1.276975446,0.031924386,6.987714094,5.644317632,8.1307717,5.490986094,13.74621048,40
264,150,3,750102,3,879,325,86,99,32,72,231,86,68,149,73,76,1.801231231,0.045030781,8.106399921,6.374828439,5.33040672,6.617780272,13.57058465,40
265,150,3,750201,1,1514,638,79,117,93,179,465,230,182,267,133,134,4.019972101,0.100499303,9.030150519,5.749841907,6.387577199,7.936357963,10.89607241,40
266,150,3,750201,2,1190,390,29,56,84,85,288,185,158,277,84,193,3.133674462,0.078341862,5.500853069,4.568405013,6.590968181,8.838449966,14.50132377,40
267,150,3,750202,1,637,231,33,42,41,48,168,84,51,143,121,22,1.496571098,0.037414277,6.50442456,5.580047783,6.266330506,5.973731814,15.67546534,40
268,150,3,750202,2,1916,729,89,192,258,103,575,250,200,317,179,138,4.11112158,0.10277804,5.080914673,6.952380201,6.789081983,8.527909331,12.64971381,40
269,150,3,750202,3,673,251,35,84,13,28,174,89,68,150,99,51,1.519793422,0.037994836,3.736271855,5.691027418,6.537877987,7.843271552,16.19155119,40
270,150,3,750203,1,1133,460,47,104,137,71,246,142,108,239,123,116,2.51551546,0.062887887,5.723956906,4.861094975,6.302207796,7.526094443,15.58664588,40
271,150,3,750203,2,81,40,0,0,0,0,16,46,7,9,0,9,0.215861179,0.005396529,0,3.684439477,23.79110704,5.684553961,6.839899524,40
272,150,3,750300,1,878,337,81,102,33,51,258,167,89,110,63,47,1.886471643,0.047161791,5.482578925,6.798223128,9.883199337,8.270135487,9.565863123,40
273,150,3,750300,2,1735,750,76,132,147,79,470,229,191,294,169,125,3.66657481,0.09166437,4.369497934,6.371817048,6.972785364,9.131575538,13.15432412,40
274,150,3,750400,1,1147,454,62,145,90,40,308,150,155,233,141,92,2.639087879,0.065977197,3.073768366,5.801267005,6.345542716,10.29557829,14.48384363,40
275,150,3,750400,2,1567,616,61,101,111,111,364,345,151,279,141,138,3.784036305,0.094600908,5.948845389,4.781587188,10.17876682,6.995110059,12.09569054,40
276,150,3,750400,3,671,272,29,47,79,56,178,88,98,108,82,26,1.623149758,0.040578744,6.996719013,5.451140815,6.052787761,10.58376976,10.91558265,40
277,150,3,750400,4,686,264,27,36,35,56,126,98,78,212,129,83,1.925327389,0.048133185,5.89859306,3.253059046,5.68267543,7.101709657,18.06396281,40
278,150,3,750500,1,1024,416,64,38,68,78,291,144,95,188,115,73,2.346371101,0.058659278,6.741598731,6.164846649,6.851681334,7.097408518,13.14446477,40
279,150,3,750500,2,2443,926,154,228,209,96,662,371,218,508,267,241,5.383698694,0.134592467,3.616225335,6.112279897,7.693510106,7.09820678,15.47977788,40
280,150,3,750500,3,178,68,7,21,10,6,43,23,18,30,14,16,0.349972989,0.008749325,3.476816112,6.107449987,7.337103994,9.015937199,14.06269271,40
281,150,3,750600,1,55,23,0,0,0,0,0,45,0,7,0,7,0.154307452,0.003857686,0,0,32.55794459,0,7.442055412,40
282,150,3,750600,2,206,83,0,25,5,2,68,37,28,29,23,6,0.439558431,0.010988961,0.922737942,7.68985743,9.397589585,11.16642918,10.82338586,40
283,150,3,750600,3,85,33,4,13,18,0,18,8,0,32,26,6,0.175938847,0.004398471,0,5.085536242,5.076444127,0,29.83801963,40
284,150,3,750600,4,97,36,8,7,0,23,59,8,19,38,26,12,0.451372303,0.011284308,10.33374944,6.497452229,1.978729577,7.37889947,13.81116929,40
285,150,3,750700,1,913,349,32,63,65,24,283,112,133,208,72,136,2.221894583,0.055547365,2.190548076,6.331242897,5.627635203,10.49303424,15.35753958,40
286,150,3,750700,2,4,2,0,0,0,0,4,0,0,0,0,0,0.004970797,0.00012427,0,40,0,0,0,40
287,150,3,750801,1,1615,633,73,105,111,158,491,191,133,312,174,138,3.806781667,0.095169542,8.417131561,6.411350399,5.60153125,6.124442633,13.44554416,40
288,150,3,750801,2,1775,687,90,160,120,71,517,365,166,206,106,100,3.593533213,0.08983833,4.006837069,7.15146257,11.33972614,8.097656012,9.404318208,40
289,150,3,750801,3,1174,437,100,150,120,98,408,107,118,129,73,56,2.348715047,0.058717876,8.461760773,8.634870386,5.086099037,8.806930646,9.010339159,40
290,150,3,750801,4,724,283,57,85,31,38,183,98,110,146,81,65,1.774453006,0.044361325,4.342942625,5.126401033,6.165849763,10.86678519,13.49802139,40
291,150,3,750801,5,95,34,0,18,0,0,21,30,8,0,0,0,0.144888178,0.003622204,0,7.204640786,23.11637161,9.678987607,0,40
292,150,3,750803,1,2797,1251,235,238,210,294,1156,250,155,199,92,107,5.120331136,0.128008278,11.64432397,11.22240082,5.450964148,5.306480214,6.37583085,40
293,150,3,750803,2,1110,414,132,97,76,42,349,135,127,130,112,18,2.113170788,0.05282927,4.030692706,8.209502104,7.132315319,10.53518149,10.09230838,40
294,150,3,750803,3,1197,430,200,142,96,163,350,98,54,71,44,27,2.062716887,0.051567922,16.02555127,8.434404211,5.304174663,4.58909486,5.646774998,40
295,150,3,750803,4,1619,781,95,152,109,156,712,112,118,204,126,78,3.34210662,0.083552666,9.466060921,10.5897494,3.741356453,6.189201267,10.01363196,40
296,150,3,750804,1,1456,551,172,166,83,115,608,126,100,192,67,125,2.915973373,0.072899334,7.997961034,10.36444414,4.82412282,6.011589888,10.80188211,40
297,150,3,750804,2,2494,942,111,158,213,202,627,357,310,399,323,76,5.794685224,0.144867131,7.069464492,5.378531066,6.878119733,9.377881563,11.29600315,40
298,150,3,750900,1,718,351,31,72,74,57,226,43,27,119,54,65,1.29623423,0.032405856,8.917772056,8.666643719,3.703533989,3.651347589,15.06070265,40
299,150,3,750900,2,1050,422,66,68,124,61,329,184,76,115,49,66,2.036386391,0.05090966,6.074837238,8.03085347,10.08762669,6.54223749,9.264445114,40
300,150,3,750900,3,1296,517,95,72,88,85,377,197,176,296,109,187,3.434575679,0.085864392,5.018926468,5.45624986,6.403604496,8.982815438,14.13840374,40
301,150,3,751000,1,1375,539,103,97,73,107,373,187,147,234,150,84,3.131862787,0.07829657,6.92860892,5.920141611,6.666075758,8.227871632,12.25730208,40
302,150,3,751000,2,1089,355,80,72,55,85,324,152,78,281,76,205,2.752118672,0.068802967,6.26349545,5.851993611,6.166060705,4.968214579,16.75023566,40
303,150,3,751000,3,1346,536,82,123,155,112,421,208,132,124,70,54,2.758595357,0.068964884,8.233699621,7.586126578,8.417956922,8.388007872,7.374209007,40
304,150,3,751102,1,2178,1106,112,95,62,173,722,366,232,345,226,119,5.22753409,0.130688352,6.711417051,6.865407402,7.816558395,7.779720785,10.82689637,40
305,150,3,751102,2,1284,511,91,109,91,61,414,133,175,205,174,31,2.802646724,0.070066168,4.4139405,7.342737002,5.298032865,10.94567603,11.9996136,40
306,150,3,751103,1,1473,538,132,146,103,97,506,187,148,142,75,67,2.873504728,0.071837618,6.845809594,8.753154433,7.265425528,9.028647522,8.106962923,40
307,150,3,751103,2,1262,467,80,57,139,85,369,129,292,138,84,54,3.095194747,0.077379869,5.569240125,5.926037242,4.653000461,16.53742056,7.314301616,40
308,150,3,751103,3,1910,815,99,211,191,203,726,241,118,151,54,97,3.740472338,0.093511808,11.00612873,9.647974866,7.193197096,5.530042375,6.622656935,40
309,150,3,751103,4,978,411,16,51,138,106,252,142,66,182,119,63,2.282585046,0.057064626,9.417679247,5.48781627,6.945327696,5.068621563,13.08055522,40
